emp_no,first_name,last_name,title
287713,Aamod,Ranka,Senior Staff
101487,Abdelaziz,Sury,Senior Staff
247888,Abdelghani,Lagarias,Engineer
31207,Abdelwaheb,Dulin,Senior Engineer
221369,Abdulah,Pocchiola,Engineer
239244,Abdulla,Kitai,Senior Staff
416420,Adamantios,Heemskerk,Senior Staff
52386,Adas,Denti,Senior Staff
62245,Adel,Bressoud,Engineer
18021,Adil,Matzke,Engineer
55857,Adin,Scallan,Senior Staff
55640,Adit,Syrotiuk,Engineer
460131,Adly,Hambrick,Staff
219047,Aemilian,Kusalik,Engineer
205863,Aiichiro,Kusalik,Engineer
66807,Aiman,Rosaz,Engineer
200312,Akemi,Fujisaki,Senior Engineer
65539,Aksel,Picaronny,Engineer
425535,Alagu,Vieri,Senior Staff
52778,Alain,Penn,Technique Leader
95406,Alair,Lyonns,Engineer
429249,Alassane,Wolniewicz,Engineer
201229,Alejandra,Khasidashvili,Staff
447232,Aleksander,Schaaf,Senior Staff
44054,Alenka,Ritcey,Engineer
89922,Alexius,Ibel,Engineer
236827,Almudena,Rijckaert,Engineer
276868,Alois,Sanella,Staff
89207,Along,Erol,Senior Staff
246364,Alper,Tiemann,Engineer
82928,Alselm,Rikino,Engineer
404462,Anestis,Setlzner,Engineer
34077,Angel,Sichman,Senior Staff
400358,Angus,Jullig,Engineer
73743,Anneke,Bernardeschi,Engineer
201708,Anneli,Perl,Senior Staff
222878,Annemarie,Zallocco,Engineer
24553,Anwar,Passafiume,Senior Staff
92846,Anyuan,Kropatsch,Senior Staff
482905,Aral,Hebden,Senior Staff
446959,Aram,Passino,Senior Engineer
94416,Aran,Cesareni,Senior Staff
243898,Arch,Basawa,Staff
109703,Arco,Walston,Engineer
214789,Arfst,Chepyzhov,Engineer
92438,Aria,Kilgore,Engineer
93549,Arie,Coullard,Senior Staff
76201,Arif,Preusig,Senior Engineer
213447,Armond,Perly,Engineer
79606,Arnd,Peir,Senior Engineer
453723,Arne,Kohling,Engineer
53924,Arnould,Gaughan,Engineer
50453,Aron,Harbusch,Staff
452206,Arra,Esposito,Staff
70990,Arumugam,Nitta,Senior Engineer
471911,Arun,Zaccaria,Assistant Engineer
244873,Arunachalam,Oppitz,Senior Staff
239706,Arunas,Bugrara,Assistant Engineer
52639,Arup,Colorni,Senior Staff
204246,Arve,Worfolk,Senior Staff
15413,Arvin,Rabejac,Engineer
35642,Ashish,Talmon,Engineer
64532,Atilio,Segond,Engineer
32552,Atreye,Stanger,Assistant Engineer
52599,Augustine,Mungall,Engineer
97661,Avishai,Hegner,Senior Staff
275801,Ayakannu,Heinisuo,Senior Staff
249433,Ayonca,Matzov,Engineer
84029,Babette,Eugenio,Staff
90211,Bader,Denis,Engineer
222616,Badri,Schapire,Assistant Engineer
109278,Bangqing,Schach,Senior Staff
49477,Baocai,Leaver,Senior Staff
264167,Baoqiu,Tomescu,Senior Engineer
22455,Barry,Unno,Senior Staff
429532,Bartek,Vendrig,Senior Staff
469253,Baruch,Basawa,Engineer
404788,Basem,Beausoleil,Engineer
207551,Baziley,Falck,Assistant Engineer
60845,Bedir,Siegrist,Engineer
288893,Bedrich,Rosenbaum,Engineer
286452,Behnaam,Bierbaum,Engineer
444643,Berna,Schonegge,Staff
292515,Bernd,Thummel,Assistant Engineer
261662,Berni,Assaf,Senior Staff
17206,Berry,DeMori,Engineer
435305,Berthier,Pramanik,Senior Staff
103342,Beshir,Hellwagner,Engineer
58141,Bezalel,Karner,Staff
41137,Bikash,Buchter,Senior Staff
228554,Bilhanan,Brendel,Senior Staff
242500,Bingning,Iisaku,Senior Staff
241872,Bluma,Fetvedt,Senior Staff
290075,Boalin,Byoun,Senior Staff
244624,Boaz,Seuren,Senior Staff
53874,Bodo,Schade,Senior Staff
264939,Bogdan,Bahi,Engineer
50670,Boguslaw,Snedden,Senior Staff
433059,Bojan,Montresor,Staff
34936,Bokyung,Stamatiou,Technique Leader
15058,Bouchung,Bugrara,Senior Staff
243018,Bowen,Deverell,Senior Staff
54800,Breannda,Cangellaris,Staff
42911,Brigham,Eterovic,Engineer
216375,Byong,Gustavson,Senior Engineer
20313,Candida,Benveniste,Engineer
14158,Caolyn,Setiz,Senior Staff
99377,Carrsten,Francisci,Senior Engineer
71334,Cathie,Peck,Engineer
233690,Cedric,Riefers,Engineer
35441,Chandrasekaran,Peek,Engineer
39036,Changho,Cappelli,Staff
450934,Chanjung,Raoux,Engineer
252185,Chaosheng,Conta,Assistant Engineer
296428,Charmane,Simmen,Senior Staff
28974,Chenxi,Sundgren,Senior Engineer
61253,Cheong,Uhrik,Engineer
52038,Chikako,Armand,Senior Engineer
262210,Chinho,Bottner,Assistant Engineer
34446,Chinhyun,Bauknecht,Senior Engineer
69878,Chinya,Cooke,Engineer
85414,Chiradeep,Callaway,Staff
223595,Chiranjit,Dredge,Technique Leader
51036,Chriss,Fasbender,Staff
443108,Christfried,Atrawala,Senior Staff
20500,Christoph,Trystram,Senior Staff
475538,Christophe,Leaver,Staff
200267,Chuanti,Luff,Senior Staff
92841,Claude,Candan,Senior Staff
212361,Claudi,Stanfel,Engineer
89161,Conal,Yetto,Senior Staff
78871,Conor,Ghandeharizadeh,Senior Engineer
423327,Constantijn,Lichtman,Senior Staff
24571,Cordelia,Gischer,Engineer
288563,Cristinel,Gerlach,Engineer
446424,DAIDA,Nooteboom,Engineer
401154,Danae,Kragelund,Senior Staff
291352,Danai,Trelles,Technique Leader
424569,Danco,Luff,Engineer
418309,Danel,Petereit,Engineer
263186,Danny,Lowrie,Technique Leader
61377,Dannz,Ohori,Senior Staff
209565,Dante,Covnot,Senior Staff
414814,Dayanand,Wielonsky,Staff
403621,Deborah,Kaminger,Senior Staff
409798,Dekang,Tsunoo,Technique Leader
220029,Demos,Asser,Senior Engineer
488142,Denis,Narlikar,Senior Staff
66702,Deniz,Thibadeau,Engineer
14075,Denny,Tchuente,Assistant Engineer
99590,Dhritiman,Anily,Staff
105356,Diederik,Matzov,Engineer
230689,Dietrich,Crabtree,Senior Staff
200735,Dinah,Denos,Senior Staff
437276,Dines,DeMori,Senior Staff
214995,Dinkar,Hoppenstand,Engineer
10291,Dipayan,Seghrouchni,Senior Staff
251341,Divier,Kumaresan,Senior Staff
31147,Divine,Sidhu,Senior Staff
103196,Djenana,Albarhamtoshy,Senior Staff
91648,Dmitry,Msuda,Senior Staff
71066,Domenick,Basart,Senior Staff
66382,Domenico,Candan,Engineer
476361,Doohun,Preusig,Technique Leader
478170,Doowon,Schoegge,Assistant Engineer
440325,Douadi,Sullins,Senior Staff
482944,Duke,Journel,Senior Staff
45162,Dulce,Speel,Engineer
66530,Dung,Leaver,Staff
284561,Duri,Beznosov,Senior Engineer
260501,Dzung,Pargas,Technique Leader
295268,Eben,Calkin,Senior Staff
53314,Eberhardt,Carrera,Staff
445950,Ebru,Valtorta,Engineer
47708,Edwin,Haldar,Senior Staff
487988,Ekawit,Schaft,Senior Staff
64984,Eldridge,Eldridge,Engineer
287334,Elliott,Speer,Engineer
19236,Elzbieta,Morris,Engineer
241567,Emran,Miara,Engineer
34788,Ennio,Babu,Senior Engineer
437724,Erez,Luft,Staff
34533,Erzsebet,Shigei,Senior Engineer
54632,Etsuo,Serot,Senior Staff
203599,Ewing,DiGiano,Technique Leader
107737,Fabrizio,Chleq,Senior Engineer
289687,Fai,Maccarone,Senior Staff
77030,Faiza,Garnham,Technique Leader
27699,Falguni,Pezzoli,Engineer
201709,Fan,Kakkad,Senior Staff
233397,Fay,Sundgren,Senior Staff
497340,Fayez,Keohane,Senior Staff
79895,Fei,Murtagh,Senior Staff
435289,Feixiong,Schurmann,Senior Staff
72194,Feiyu,Siepmann,Senior Engineer
34505,Felicidad,Kumaresan,Senior Staff
36626,Fen,Genin,Senior Staff
85216,Ferdinand,Rosiles,Senior Staff
17970,Filipp,Carrere,Technique Leader
215419,Flemming,Kroha,Staff
401420,Florian,Uhrig,Senior Staff
98639,Florina,Assaf,Staff
234739,Foong,Aamodt,Senior Engineer
83280,Francesca,Ellozy,Senior Engineer
488095,Francoise,Hegner,Senior Staff
204471,Franziska,Maginnis,Engineer
409805,Frazer,Candan,Senior Engineer
73076,Froduald,Feldhoffer,Senior Engineer
38168,Fumiko,Deverell,Senior Staff
478007,Fumino,Narahara,Engineer
67548,Fumitaka,Roohalamini,Staff
299346,Fumitake,Sichman,Senior Staff
293329,Fumiya,Griswold,Engineer
475258,Fumiyo,Feinberg,Senior Staff
295030,Fun,Keirsey,Senior Staff
263926,Fusako,Schwartzbauer,Senior Staff
491632,Gadiel,Perly,Senior Staff
284717,Gal,Ranta,Engineer
211879,Gao,Ranze,Engineer
227899,Garnik,Luce,Staff
16528,Gaurav,Swick,Assistant Engineer
457070,Gay,Plavsic,Senior Staff
475087,Genevieve,Snedden,Senior Engineer
17731,Gennady,Roison,Assistant Engineer
201739,Genta,Terekhov,Assistant Engineer
408114,Geoffrey,Ladret,Engineer
224934,George,Miake,Senior Staff
249969,Georgi,Luiz,Engineer
488619,Georgy,Bennis,Engineer
498456,Geraldo,Gerteisen,Senior Staff
428219,Ghassan,Androutsos,Senior Staff
95416,Gianluca,Ramaiah,Engineer
455814,Giao,DuCasse,Engineer
245396,Gift,Bottner,Senior Staff
261986,Gila,Ramsak,Senior Engineer
29265,Gilbert,Calkin,Senior Staff
252316,Gill,Niizuma,Engineer
454378,Gina,Ossenbruggen,Technique Leader
210449,Gino,Lagarias,Engineer
227354,Gio,Murtha,Engineer
202950,Giordano,Pietrzykowski,Senior Staff
476055,Girolamo,Schlumberger,Senior Staff
485253,Gladys,Parhami,Senior Staff
109953,Godehard,Chorvat,Senior Staff
231798,Goetz,Alvarado,Engineer
64209,Golgen,Schoegge,Senior Staff
411143,Goncalo,Barbanera,Senior Staff
47262,Gonzalo,Binkley,Engineer
88103,Goo,Bresenham,Senior Staff
214866,Gopalakrishnan,Angel,Engineer
109211,Gor,Delgrande,Engineer
452956,Gou,Thombley,Senior Engineer
290441,Gregory,Collavizza,Senior Staff
204425,Gretta,Huttel,Senior Engineer
235325,Gro,Prochazka,Engineer
206836,Guadalupe,Pfau,Senior Staff
30695,Gudjon,Majewski,Senior Engineer
79171,Guiseppe,Ellozy,Senior Engineer
202403,Gully,Perko,Engineer
91256,Gunilla,Milicic,Staff
89590,Guther,Rothenberg,Senior Staff
36844,Hailing,Levergood,Staff
97623,Haldon,Janetzko,Senior Staff
105520,Haldun,Lienhardt,Senior Staff
256216,Halsur,Brodal,Engineer
80948,Harjit,Bardell,Engineer
31514,Harngdar,Schapire,Engineer
109741,Hatem,Fadgyas,Senior Engineer
428195,Hatsukazu,Rosca,Senior Staff
483675,Hausi,Kamber,Engineer
256888,Heather,Pehl,Staff
100916,Heejo,Aamodt,Engineer
62033,Heeju,Cappelli,Engineer
60000,Heekeun,Emmart,Assistant Engineer
204470,Hein,Lichtner,Senior Staff
235729,Henk,Anger,Senior Staff
419099,Heon,Broomell,Staff
94944,Heping,Matheson,Engineer
242019,Herb,Murrill,Senior Engineer
226227,Herbert,Erva,Engineer
435791,Hercules,Speer,Engineer
223593,Hidefumi,Moehrke,Staff
478858,Hidekazu,Perna,Staff
263012,Hideo,Buchter,Staff
249239,Hideyuki,Decleir,Senior Engineer
10095,Hilari,Morton,Senior Staff
63441,Hinrich,Scallan,Staff
459685,Hirochika,Goldhammer,Engineer
294652,Hironobu,Brodie,Engineer
493031,Hironoby,Jakobus,Senior Staff
63419,Hiroyasu,Seuren,Senior Engineer
100865,Hisao,Peral,Engineer
94761,Hitofumi,Zaccaria,Engineer
48690,Hitomi,Schaap,Staff
74200,Holgard,Weiland,Senior Engineer
72640,Honglan,Hutton,Engineer
273806,Hongzhu,Beetstra,Senior Staff
256856,Hongzue,Barbanera,Senior Staff
217363,Horward,Marzano,Staff
413098,Hsiangchu,Taubenfeld,Senior Staff
22185,Huai,Birch,Assistant Engineer
236883,Huan,Olivero,Staff
38593,Huei,Orsini,Engineer
203474,Hugh,Jonsson,Senior Staff
473268,Hugo,Sgarro,Senior Staff
426795,Huican,Lunn,Senior Staff
253893,Huiqun,Trystram,Senior Engineer
228098,IEEE,Kroll,Engineer
457611,Indrajit,Krogh,Engineer
25488,Ingmar,Basawa,Senior Staff
236591,Insup,Reinhard,Senior Staff
256881,Ioana,Jakobus,Engineer
225788,Ipke,Kieras,Engineer
235017,Irena,Dratva,Senior Staff
408163,Irene,Sethi,Senior Engineer
202882,Isaac,Koshino,Senior Engineer
284300,Ishfaq,Mahmud,Senior Staff
463023,Itzchak,Penn,Staff
24080,Jaana,Perez,Technique Leader
463472,Jaber,Sethi,Technique Leader
457832,Jackson,Zielinski,Senior Engineer
295255,Jacopo,Bellone,Technique Leader
207021,Jacqueline,Akaboshi,Engineer
81105,Jaewon,Boissier,Engineer
241254,Jagoda,Anguita,Senior Engineer
280420,Jahangir,Hofting,Senior Staff
451253,Jaihie,Ozeri,Senior Staff
91415,Jamaludin,Nilsson,Senior Staff
430593,Janalee,Lanzelotte,Senior Staff
68648,Jaques,DiGiano,Technique Leader
22451,Jasminko,Bresenham,Senior Staff
235793,Jayesh,Spinelli,Senior Engineer
482354,Jayson,Zockler,Staff
65171,Jeane,Tasistro,Technique Leader
60559,Jeanna,Stemann,Engineer
37070,Jeong,Undy,Senior Staff
33025,Jessie,Thorelli,Senior Staff
53597,Jiafu,Marchegay,Engineer
26671,Jiakeng,Kalorkoti,Engineer
35044,Jiang,Waschkowski,Engineer
66643,Jianhao,Tomescu,Engineer
261631,Jianhua,Huttel,Engineer
21181,Jianhui,Cangellaris,Assistant Engineer
275881,Jiann,Munro,Senior Engineer
55799,Jianwen,Litzler,Engineer
457146,Jinpo,Heyers,Staff
463099,Jinxi,Schmiedel,Senior Staff
218100,Jiong,Garnham,Senior Staff
38550,JoAnne,Baez,Senior Engineer
249799,Jolita,Neimat,Engineer
267304,Jordanka,Axelband,Senior Staff
418239,Josyula,Motley,Senior Engineer
29782,Jouko,Hellwagner,Senior Engineer
52590,Jouni,Munoz,Senior Staff
287583,Jovan,Hockney,Engineer
423208,Joydip,Krone,Engineer
88422,Jungsoon,Birsak,Technique Leader
46811,Junsik,Berendt,Senior Engineer
10933,Juyoung,Seghrouchni,Senior Engineer
424584,Kagan,Dredge,Engineer
426168,Kaijung,Mateescu,Senior Staff
296718,Kamakshi,Bahl,Senior Engineer
295857,Kankanahalli,Ciolek,Senior Staff
416492,Kannan,Meriste,Senior Engineer
62046,Karlis,Nanard,Engineer
21843,Karsten,Azadmanesh,Senior Engineer
61541,Kasidit,Papsdorf,Engineer
79043,Katsuo,Hockney,Technique Leader
288028,Kauko,Narwekar,Engineer
479601,Kayoko,Bahi,Staff
418566,Kazuhide,Snedden,Senior Engineer
13499,Kazuhiko,Sidou,Technique Leader
49010,Kazuhisa,Benantar,Senior Staff
20128,Kazunori,Peak,Senior Staff
242800,Kazuyasu,Levergood,Engineer
12155,Keiichiro,Glinert,Engineer
207204,Kellie,Schrooten,Assistant Engineer
285905,Kellyn,Bage,Senior Staff
488984,Kendra,Junet,Senior Staff
265521,Kensei,Salverda,Engineer
488482,Kensyu,Tsunoo,Engineer
422146,Kenton,Miara,Engineer
202826,Kerhong,Matzke,Engineer
402102,Kersti,Granlund,Engineer
41518,Keung,Schapiro,Senior Engineer
473299,Khaled,Penn,Senior Staff
233394,Khalid,Lenart,Engineer
52956,Khalil,Picci,Engineer
292146,Khatoun,Pulkowski,Engineer
281692,Khosrow,Sommen,Senior Engineer
87714,Khun,Janetzko,Assistant Engineer
205660,Kien,Barreiro,Staff
298339,King,Benzmuller,Engineer
71243,Kinh,Buchter,Engineer
200363,Kirk,Quaggetto,Engineer
250748,Kish,Turnbull,Engineer
467591,Kiyotoshi,Hennebert,Staff
90292,Koichi,Assaf,Engineer
10476,Kokou,Iisaka,Senior Staff
29679,Kolar,Steenbeek,Senior Engineer
80850,Koldo,Luit,Engineer
36982,Kotesh,Rajala,Engineer
30007,Kousuke,Vecchio,Engineer
209443,Krassimir,Garnier,Senior Staff
403644,Krisda,Hainaut,Senior Staff
64828,Krister,Pappas,Staff
95286,Kristin,Guerreiro,Engineer
84315,Kristina,Baumann,Assistant Engineer
86213,Kristine,Clemencon,Senior Staff
71685,Kristinn,Olano,Senior Engineer
465853,Kwan,Kampfer,Staff
290284,Kwangjo,Menhardt,Engineer
491079,Kwangsub,Keirsey,Senior Engineer
482335,Kwangyoen,Peck,Engineer
105342,Kwun,Reeker,Technique Leader
34261,Kyoichi,Callaway,Senior Staff
465711,Lakshmi,Frijda,Engineer
69936,Lalit,Unni,Assistant Engineer
81545,Larisa,Kornyak,Technique Leader
64023,Laurentiu,Benzmuller,Senior Engineer
83544,Leaf,Baak,Senior Staff
31188,Leandro,Gist,Technique Leader
10762,Lech,Himler,Senior Staff
48882,Leen,Lamparter,Engineer
35087,Leif,Ashish,Senior Staff
49119,Lena,Peek,Engineer
212093,Leni,Henders,Senior Staff
280291,Lenore,Badache,Staff
30182,Leon,Potthoff,Engineer
61147,Leszek,Werthner,Staff
78469,Leucio,Cappelli,Staff
438557,Lidong,Swist,Engineer
210292,Lihong,Zeilberger,Staff
106695,Lijie,Garrabrants,Senior Staff
268191,LiMin,Teitelbaum,Engineer
205789,Limsoon,Skafidas,Senior Staff
52970,Lobel,Werthner,Engineer
297232,Lokesh,Saoudi,Senior Staff
262439,Lorien,Lagarias,Senior Staff
24377,Lubomir,Wroclawski,Engineer
91182,Lucien,Schwartzburd,Engineer
234195,Luerbio,Terkki,Senior Staff
299580,Luisa,Itzfeldt,Engineer
490557,Luise,Vigier,Engineer
17988,Mabhin,Calkin,Engineer
227476,Macha,Schnabel,Engineer
240340,Mack,Staylopatis,Engineer
14127,Magdalena,Cannard,Engineer
43154,Maha,Waterhouse,Senior Staff
99654,Mahendra,Motley,Senior Staff
39341,Mahmut,Lampe,Engineer
56105,Makato,Remmers,Engineer
433260,Make,Olivero,Assistant Engineer
406714,Malu,Ossenbruggen,Senior Staff
427320,Mamdouh,Ramamoorthy,Senior Engineer
65998,Mandell,Alameldin,Senior Staff
88965,Mang,Hedayat,Engineer
109620,Mani,Cannata,Senior Staff
22926,Manibrata,Genther,Engineer
83805,Manohar,Harllee,Senior Engineer
89346,Mansur,Comyn,Engineer
101902,Mantis,Millington,Senior Staff
484126,Manton,Lueh,Senior Staff
27686,Manu,Rosiles,Senior Staff
297905,Marc,Bahl,Assistant Engineer
47139,Marco,Usdin,Engineer
406239,Marek,Tomescu,Engineer
279115,Maren,DuCasse,Engineer
467441,Margareta,Bondorf,Engineer
276184,Mari,Swick,Senior Staff
44265,Maria,Eppinger,Engineer
296303,Mariangiola,Heyers,Technique Leader
50831,Marie,Khalid,Senior Engineer
477578,Marit,Paludetto,Engineer
58384,Mariusz,Vural,Engineer
243637,Marjo,Delgrange,Senior Staff
31568,Mark,Lalonde,Staff
443485,Marke,Klerer,Senior Staff
294241,Marl,Fiebach,Senior Staff
40983,Marla,Cherinka,Technique Leader
219052,Marsal,Acton,Staff
266862,Mart,Plumb,Senior Staff
39000,Martijn,Vendrig,Senior Staff
411082,Martine,Cangellaris,Engineer
401333,Martins,Shokrollahi,Engineer
205500,Mary,Setiz,Senior Engineer
74668,Masako,Bonifati,Senior Staff
217080,Masami,Puoti,Senior Engineer
431576,Masamitsu,Back,Senior Staff
281859,Masanao,Papastamatiou,Engineer
292210,Masaru,Huhdanpaa,Engineer
38103,Masasuke,Babu,Engineer
244605,Masoud,Suwa,Senior Staff
489755,Matk,Chorvat,Senior Staff
222319,Matt,Chvatal,Senior Engineer
30154,Mayuko,Skafidas,Technique Leader
408447,Mayuri,Werthner,Senior Staff
263649,Mechthild,Zongker,Senior Staff
56847,Menkae,Chinin,Senior Engineer
38043,Michaela,Randi,Engineer
488707,Mihalis,Remmers,Senior Staff
227681,Mikhail,Rousseau,Staff
260153,Mingdong,Baar,Technique Leader
238949,Minghong,Cronin,Senior Staff
263645,Mingsen,Lally,Senior Engineer
44540,Mingzeng,Sadowski,Senior Engineer
238112,Miomir,Frezza,Technique Leader
265794,Miquel,Halloran,Senior Staff
251814,Mitsuyuki,Zockler,Technique Leader
69867,Miyeon,Rothe,Senior Staff
240132,Mizuhito,Kobara,Senior Staff
105432,Mohamadou,Stafford,Engineer
21909,Mohammed,Brizzi,Senior Staff
96579,Mohan,Tasistro,Engineer
459429,Mohit,Verhaegen,Senior Staff
219497,Moie,Zastre,Technique Leader
218022,Mokhtar,Poupard,Technique Leader
429238,Mona,Luck,Senior Staff
448769,Mong,Dichev,Technique Leader
34780,Moni,Kohling,Staff
50311,Mooi,Stafford,Senior Engineer
295262,Moon,Pews,Assistant Engineer
101647,Mori,Homond,Senior Staff
12643,Morrie,Schurmann,Staff
17013,Morris,Garigliano,Senior Staff
293280,Moti,Steenbeek,Engineer
284856,Moto,Kobara,Engineer
413205,Mototsugu,Prampolini,Senior Staff
60821,Moty,Mersereau,Senior Staff
258028,Mountaz,Reinhart,Engineer
262208,Mrinalini,Holburn,Senior Staff
460691,Munehiko,Gihr,Senior Staff
215629,Munehiro,Manders,Senior Staff
68416,Munenori,Debuse,Senior Engineer
31909,Murthy,Peek,Engineer
493048,Muzhong,Berztiss,Senior Staff
469104,Nadjib,Comellas,Engineer
106096,Naftali,Schurmann,Engineer
34452,Naftaly,Foong,Engineer
56829,Nagui,Gruenwald,Engineer
220699,Nahid,Gyimothy,Staff
228766,Nahla,Smailagic,Engineer
282547,Nahum,Codenie,Engineer
14907,Nakhoon,Luga,Senior Staff
47515,Naraig,Jenevein,Senior Engineer
268043,Narain,Mikschl,Engineer
416660,Nathalie,Luke,Assistant Engineer
265039,Navid,Staudhammer,Senior Staff
249780,Nechama,Gaughan,Assistant Engineer
231459,Nectarios,Pramanik,Assistant Engineer
469529,Neven,Rikino,Engineer
26629,Nevin,Rodham,Senior Staff
106242,Nevio,Thisen,Senior Staff
471397,Nigel,Zirintsis,Engineer
15050,Nikolaos,Kruskal,Engineer
209712,Nimmagadda,Baak,Assistant Engineer
77647,Niranjan,Schaaf,Technique Leader
280070,Niteen,Ebeling,Senior Staff
232209,Nitsan,Rouquie,Engineer
95920,Nobuyoshi,Hegner,Senior Staff
264626,Noritoshi,Bakhtari,Senior Staff
271219,Odoardo,Tyugu,Engineer
401278,Oguz,Schurmann,Assistant Engineer
10122,Ohad,Esposito,Technique Leader
31341,Oksana,Zultner,Senior Staff
86546,Oldrich,Woycyznski,Engineer
56428,Olivera,Hanabata,Senior Staff
202291,Ortrun,Schmiedel,Engineer
239803,Oscal,Ernst,Senior Staff
35793,Oscar,Kusalik,Senior Staff
20885,Otmar,Rothenberg,Engineer
425540,Paddy,Zumaque,Senior Staff
499194,Padma,Delgrange,Senior Staff
58990,Palash,Trelles,Engineer
229391,Paloma,Henseler,Engineer
217551,Panayotis,Lukaszewicz,Engineer
473490,Pantung,Reeker,Senior Staff
425780,Paris,Range,Senior Staff
84922,Parke,Unno,Engineer
104988,Parviz,Litzler,Engineer
257378,Pascal,Bernatsky,Senior Staff
46943,Pasqua,Maraist,Engineer
65883,Patricia,Pepe,Senior Staff
299737,Patricio,Itzfeldt,Senior Staff
214427,Peer,Molberg,Engineer
248953,Percy,Sudbeck,Assistant Engineer
22415,Perla,Jumpertz,Senior Staff
224335,Perry,Chachaty,Engineer
41114,Petter,Thummel,Technique Leader
43848,Phillip,Oxenboll,Engineer
52040,Phule,Heijenga,Senior Staff
251301,Pintsang,Impagliazzo,Senior Staff
27378,Piyawadee,Leppanen,Senior Staff
21188,Piyush,Danecki,Engineer
229386,Pohua,Tasistro,Technique Leader
220418,Poorav,Laventhal,Staff
82098,Poornachandra,Wilharm,Engineer
478833,Pradeep,Valiente,Engineer
215843,Pramod,Loncour,Senior Staff
213384,Pranas,Narwekar,Engineer
29954,Pranay,Giarratana,Senior Engineer
71188,Pranjal,Schapiro,Senior Staff
444465,Prasadram,Bultermann,Senior Engineer
53278,Premsyl,Lortz,Senior Staff
274271,Prodip,Ritcey,Senior Staff
258643,Przemyslawa,Esposito,Engineer
73516,Qingxiang,Badache,Engineer
455726,Qiwen,Kriebel,Senior Staff
87353,Quingbo,Coombs,Senior Engineer
432956,Qunsheng,Birrer,Senior Staff
451333,Radhika,Bonifati,Senior Staff
32714,Radoslaw,Maliniak,Staff
20129,Rafael,Skafidas,Engineer
420759,Raimond,Solovay,Staff
90692,Rajmohan,DasSarma,Senior Staff
225867,Ramalingam,Remmele,Senior Engineer
107828,Ramya,Walston,Senior Staff
94331,Ramzi,Cronau,Technique Leader
429899,Ranan,Marsiglia,Staff
30465,Randi,Avouris,Engineer
92598,Ranga,Merro,Assistant Engineer
12408,Rasiah,Sudkamp,Senior Engineer
438264,Rasikan,Barreiro,Senior Staff
442002,Ravishankar,Baig,Senior Staff
214391,Rayond,Klassen,Senior Staff
220131,Reinhard,Slaats,Engineer
260361,Reinhold,Rahier,Engineer
413666,Remco,Duclos,Senior Staff
207980,Remko,Vieth,Senior Staff
16461,Remmert,Schahn,Senior Staff
56209,Remzi,Douceur,Engineer
90084,Renny,Bale,Engineer
470456,Reuven,Oehlmann,Senior Staff
93220,Richara,Walston,Senior Engineer
60875,Rildo,Masaki,Engineer
39301,Rimon,Kawashima,Senior Staff
24205,Roddy,Rubsam,Senior Engineer
56682,Roded,Picco,Assistant Engineer
77815,Ronghao,Picaronny,Assistant Engineer
59195,Ronnie,Pollock,Technique Leader
51142,Rosine,Lakshmanan,Engineer
483401,Rosita,Pokrovskii,Senior Staff
244711,Rosli,Butner,Assistant Engineer
105731,Sachem,Cromarty,Assistant Engineer
221367,Saddek,Farris,Senior Staff
67320,Sadok,Lorys,Senior Staff
450475,Saeed,Bahl,Senior Staff
216054,Sahrah,Angiulli,Senior Staff
30484,Sailaja,Chvatal,Staff
71141,Sajjad,Vitiello,Senior Staff
248256,Sajjan,Falby,Staff
235780,Sampalli,Bergere,Senior Engineer
426819,Sandeepan,Kulisch,Engineer
221973,Sangeeta,Kalefeld,Senior Staff
210752,Saniya,Stenning,Senior Staff
293746,Sanjay,Litecky,Engineer
252392,Sanjeeva,Peron,Engineer
497174,Sanjiv,Bressoud,Engineer
57934,Sanjoy,Boudaillier,Engineer
44962,Sariel,Wynblatt,Assistant Engineer
203720,Sasan,Thimonier,Senior Staff
14476,Sastry,Marrevee,Engineer
19350,Satoru,Yoshizawa,Senior Staff
275158,Satyanarayana,Brandsma,Engineer
63706,Sedat,Itzigehl,Engineer
450184,Selwyn,Henseler,Senior Engineer
247089,Seongbae,Schahn,Senior Staff
36521,Serif,Gladwell,Senior Staff
423993,Seshu,Kolvik,Technique Leader
107792,Shahab,Crooks,Senior Staff
426153,Shahaf,Luce,Senior Staff
230579,Shahar,Negoita,Senior Staff
465409,Shahid,Varman,Senior Staff
108316,Shai,Stellhorn,Senior Engineer
80203,Shakhar,Baik,Staff
42950,Shaleah,Eickenmeyer,Senior Staff
210017,Shalesh,Lovengreen,Senior Staff
53431,Sham,Vasanthakumar,Senior Staff
257484,Shaowei,Nicolson,Senior Staff
54198,Shaowen,Segond,Engineer
482885,Shaunak,Brizzi,Assistant Engineer
443841,Shaw,Kading,Senior Staff
420765,Shawna,Krider,Senior Staff
217800,Shay,Servieres,Senior Staff
296062,Shaz,Driscoll,Staff
208330,Shen,Flanders,Senior Staff
251437,Shichao,Iwayama,Assistant Engineer
69052,Shietung,Shrader,Senior Staff
287482,Shigeaki,Gihr,Engineer
290563,Shigehiro,Oxenboll,Senior Engineer
402025,Shigehito,Duclos,Engineer
83289,Shigeichiro,Engelmann,Engineer
58147,Shigenori,Sullins,Senior Staff
73233,Shigeo,Merey,Senior Engineer
82919,Shigeu,Claffy,Engineer
55687,Shih,Lindqvist,Senior Engineer
40773,Shimshon,Aingworth,Senior Staff
64790,Shin,Piveteau,Engineer
214634,Shirish,Vickson,Engineer
84451,Shiv,Aumann,Senior Engineer
416892,Shooichi,Vandervoorde,Engineer
456982,Shounak,Dratva,Engineer
408019,Shridhar,Chleq,Assistant Engineer
52770,Shugo,Yurek,Senior Staff
497835,Shuho,Laurillard,Technique Leader
38947,Shuichi,Ruemmler,Senior Staff
27620,Shuji,Kandlur,Engineer
69219,Shuky,Redmiles,Senior Staff
270716,Shunichi,Baer,Staff
246764,Shuzo,Czaja,Staff
107486,Siamak,Luiz,Senior Engineer
220528,Sibyl,Rabehasaina,Senior Staff
49464,Siddarth,Cappelletti,Staff
56415,Sigeru,Nivat,Senior Staff
467886,Sivanarayana,Chandrasekhar,Senior Staff
248758,Snehasis,Muhlberg,Senior Staff
289807,Soenke,Lemarechal,Senior Staff
462795,Somnath,Cummings,Senior Staff
457305,Sorina,Lakshmanan,Staff
40301,Spyrose,Felder,Senior Engineer
81995,Sreekrishna,Brender,Engineer
205627,Stabislas,Broder,Engineer
18583,Stafford,Honglei,Staff
109598,Stamatina,Auyong,Senior Staff
33215,Steen,Fasbender,Technique Leader
222206,Stein,Uludag,Senior Staff
80432,Stella,Figueira,Senior Staff
259718,Stepehn,Bouloucos,Senior Staff
287323,Steve,Dengi,Staff
82351,Stevo,Thambidurai,Senior Staff
402664,Subhada,Janetzko,Senior Engineer
219417,Subhrajyoti,Denna,Staff
436558,Subir,Greibach,Senior Engineer
14104,Sudhanshu,Demian,Senior Staff
201915,Sudharsan,DeMori,Engineer
480066,Suebskul,Menhardt,Engineer
239664,Sugwoo,Michaels,Engineer
480035,Sukumar,Georg,Senior Staff
98288,Sumali,Huttel,Senior Staff
54795,Sumant,Nergos,Senior Staff
426228,Supot,Badache,Engineer
18617,Surveyors,Crouzet,Senior Staff
219967,Susanna,Reeken,Senior Staff
103316,Susanne,Peternell,Engineer
204133,Susuma,Bergere,Senior Staff
78363,Susumu,Fritzsche,Engineer
37945,Suzette,Butterworth,Senior Engineer
215746,Sven,Speer,Staff
84840,Sverrir,Neimat,Staff
293154,Syozo,Maliniak,Senior Staff
32844,Tadahiko,Melton,Engineer
230002,Tadahiro,Backhouse,Engineer
414027,Tadanori,Msuda,Engineer
18810,Taiji,Jarecki,Engineer
271106,Taisook,Kampfer,Engineer
72918,Takahira,Szilard,Senior Staff
432523,Takahiro,Maquelin,Engineer
294144,Takanari,Ermel,Senior Staff
230865,Takushi,Brattka,Staff
262636,Tamiya,Reutenauer,Senior Engineer
481764,Teiji,Marrakchi,Senior Engineer
240438,Temple,Cyre,Senior Staff
32347,Terresa,Peres,Senior Staff
221126,Tesuya,dAstous,Engineer
456767,Tetsurou,Schreiter,Senior Staff
30035,Tetsushi,Conta,Senior Staff
10663,Teunis,Noriega,Technique Leader
458134,Thanasis,Standera,Senior Staff
51057,Theirry,Albarhamtoshy,Senior Staff
284691,Theron,Ressouche,Engineer
253029,Thodoros,Thimonier,Engineer
246798,Tianruo,Strooper,Senior Staff
416720,Tokuyasu,Xiaoshan,Engineer
84508,Tommaso,Vidya,Engineer
433157,Tomofumi,Serna,Staff
242081,Tomokazu,Pargas,Assistant Engineer
254821,Tonny,Couchot,Staff
47016,Toong,Litecky,Senior Staff
27767,Tooru,Veldwijk,Senior Staff
427571,Torsten,Ranta,Engineer
40269,Toshiki,Ghazalie,Senior Staff
432787,Toshiko,Ibel,Senior Engineer
286370,Toshimitsu,Seuren,Senior Staff
76640,Tristan,Mitsuhashi,Engineer
287984,Troy,Kobuchi,Engineer
70469,Tru,Miyakawa,Senior Staff
224390,True,Shobatake,Senior Staff
52283,Trygve,Krupka,Senior Staff
467918,Tsuneo,Skrikant,Staff
64487,Tsutomu,Rebaine,Engineer
290478,Tsvetan,Sherertz,Assistant Engineer
408417,Tsz,Daescu,Staff
28988,Tua,Giveon,Technique Leader
49177,Tze,Bach,Engineer
206966,Tzu,Sichman,Engineer
440450,Tzvetan,Scharstein,Senior Staff
85702,Udi,Merks,Engineer
450255,Udo,Waymire,Technique Leader
480178,Uinam,Rahier,Senior Staff
35798,Ulf,Oberman,Senior Engineer
270084,Ulises,Frolund,Senior Staff
36733,Uma,Reinhard,Staff
218831,Unal,DuBourdieux,Engineer
419953,Ung,Orlowski,Senior Staff
238252,Uno,Suppi,Staff
241292,Uri,Lampe,Senior Staff
249325,Ute,Pokrovskii,Staff
251403,Utpal,DuBourdieux,Technique Leader
20100,Utz,Heuter,Senior Staff
82511,Uwe,Koblick,Engineer
277362,Uzi,Kugler,Senior Staff
295278,Val,Barvinok,Assistant Engineer
222354,Valdiodio,Schlumberger,Assistant Engineer
29418,Valery,Mersereau,Assistant Engineer
492000,Valeska,Cools,Senior Staff
445570,Van,Nations,Technique Leader
424984,Vasilis,Waleschkowski,Engineer
88647,Vasiliy,Ratnaker,Engineer
443873,Vatsa,Ramsay,Senior Staff
239426,Vesna,Fairtlough,Engineer
20248,Vidar,Demri,Staff
238422,Vishv,Angelov,Senior Staff
92454,Visit,McFarlan,Engineer
277316,Vitali,Rothenberg,Senior Staff
90077,Vivian,Guerreiro,Assistant Engineer
88958,Vojin,Coombs,Senior Staff
44959,Volkmar,Uhrik,Engineer
260249,Vugranam,Beausoleil,Staff
201801,Waiman,Genin,Engineer
27331,Wanqing,Krohm,Senior Staff
273396,Wayne,Baba,Engineer
402827,Weidon,Pollacia,Senior Staff
426958,Weijing,Viele,Engineer
481050,Weiru,Burnard,Senior Staff
258470,Weiwu,Butner,Staff
469269,Weiyi,Codenie,Engineer
104845,Werner,Lodder,Senior Staff
41357,Willard,Vernadat,Engineer
436827,Wojceich,Limongiello,Senior Staff
61873,Woody,Rusmann,Assistant Engineer
46328,Wuxu,Trogemann,Senior Staff
89806,Xiadong,Shinomoto,Engineer
259273,Xiahua,Gomatam,Senior Engineer
99373,Xiaobin,Christianini,Senior Staff
216502,Xiaocheng,Suermann,Engineer
214215,Xiaoqiang,Cardazo,Senior Staff
454791,Xiaoqiu,Pietracaprina,Senior Engineer
50293,Xinan,Rindone,Engineer
28193,Xinglin,Mitsuhashi,Engineer
209101,Xinyu,Edelhoff,Senior Engineer
41520,Xiong,Uhrik,Senior Engineer
457411,Xudong,Peck,Senior Engineer
295254,Xuejun,Pfau,Senior Staff
29130,Xumin,Thorensen,Staff
17369,Yaghout,Kenevan,Engineer
486918,Yagil,Remmers,Senior Staff
91229,Yahiko,Hebden,Engineer
30938,Yakkov,Samarati,Senior Staff
217286,Yannik,Spelt,Technique Leader
82069,Yechezkel,Perfilyeva,Engineer
58497,Yechiam,Cairo,Senior Staff
203946,Yefim,Marwedel,Senior Staff
288560,Yifei,Birjandi,Senior Staff
230354,Yinghua,Lorho,Senior Staff
95181,Yishai,Cappelli,Staff
418860,Ymte,Dalton,Senior Staff
85445,Yongdong,Pollock,Staff
90614,Yonghoan,Trogemann,Assistant Engineer
66757,Yonghong,Baig,Staff
213016,Yongmao,Fontan,Engineer
21546,Yongmin,Lanteri,Senior Staff
408654,Yongqiao,Cochrane,Senior Staff
485799,Yoshimitsu,Litvinov,Senior Staff
460707,Yoshinari,Lanteri,Engineer
205699,Youjian,Yetto,Senior Staff
51060,Youngkon,Rohrbach,Engineer
85288,Younwoo,Luders,Engineer
41609,Yucai,Simmen,Senior Staff
42955,Yucel,Lortz,Engineer
217272,Yuchang,Eldridge,Senior Staff
48904,Yuichiro,Malabarba,Senior Staff
220611,Yuping,Babb,Senior Staff
228248,Yuriy,Plump,Senior Staff
74800,Yuuichi,Conde,Assistant Engineer
53499,Zdislav,Mandelberg,Engineer
426644,Zejun,Broomell,Engineer
17447,Zengping,Boreale,Staff
92577,Zhanqiu,Farrow,Assistant Engineer
46000,Zhaofang,Penn,Senior Staff
472790,Zhenbing,Ibel,Senior Engineer
86655,Zhenhua,Lorys,Engineer
487008,Zhigen,Raney,Senior Staff
207068,Zhiguo,Ariola,Senior Staff
24394,Zhonghui,Conta,Staff
246146,Zhongwei,Melski,Engineer
281570,Zijian,Covnot,Assistant Engineer
233759,Zissis,Lodder,Engineer
59640,Zita,Hiltgen,Staff
19803,Ziva,Kowalchuk,Engineer
58454,Ziya,Zambonelli,Engineer
26788,Zongyan,Dalphin,Engineer
59869,Zsolt,Riefers,Senior Staff
202414,Zvonko,Murthy,Senior Staff
